ID,gender,frame,t(s),x(m),y(m),markerID
1,2,0,0.0,0.5703,1.4745,1
1,2,1,0.04,0.6218,1.47,1
1,2,2,0.08,0.6759,1.4706,1
1,2,3,0.12,0.7318,1.4767,1
1,2,4,0.16,0.7874,1.4857,1
1,2,5,0.2,0.8413,1.4952,1
1,2,6,0.24,0.8933,1.5047,1
1,2,7,0.28,0.9432,1.514,1
1,2,8,0.32,0.9913,1.5216,1
1,2,9,0.36,1.038,1.5272,1
1,2,10,0.4,1.0849,1.5295,1
1,2,11,0.44,1.1323,1.5278,1
1,2,12,0.48,1.1809,1.5224,1
1,2,13,0.52,1.2308,1.5143,1
1,2,14,0.56,1.2819,1.5074,1
1,2,15,0.6,1.3357,1.505,1
1,2,16,0.64,1.392,1.5081,1
1,2,17,0.68,1.4488,1.5152,1
1,2,18,0.72,1.5044,1.5251,1
1,2,19,0.76,1.5597,1.5369,1
1,2,20,0.8,1.6149,1.5491,1
1,2,21,0.84,1.6697,1.5594,1
1,2,22,0.88,1.7247,1.5655,1
1,2,23,0.92,1.7805,1.5656,1
1,2,24,0.96,1.8374,1.5603,1
1,2,25,1.0,1.8951,1.5513,1
1,2,26,1.04,1.9529,1.5417,1
1,2,27,1.08,2.0108,1.535,1
1,2,28,1.12,2.0682,1.532,1
1,2,29,1.16,2.1252,1.5341,1
1,2,30,1.2,2.1817,1.5385,1
1,2,31,1.24,2.2393,1.5447,1
1,2,32,1.28,2.2975,1.552,1
1,2,33,1.32,2.3559,1.5586,1
1,2,34,1.36,2.414,1.5616,1
1,2,35,1.4,2.4718,1.5597,1
1,2,36,1.44,2.5301,1.5534,1
1,2,37,1.48,2.5887,1.544,1
1,2,38,1.52,2.6473,1.5325,1
1,2,39,1.56,2.7062,1.5223,1
1,2,40,1.6,2.7654,1.5154,1
1,2,41,1.64,2.8245,1.5139,1
1,2,42,1.68,2.883,1.517,1
1,2,43,1.72,2.9392,1.5234,1
1,2,44,1.76,2.9922,1.5326,1
1,2,45,1.8,3.041,1.5422,1
1,2,46,1.84,3.0855,1.5496,1
1,2,47,1.88,3.128,1.5526,1
1,2,48,1.92,3.1691,1.5503,1
1,2,49,1.96,3.2098,1.5428,1
1,2,50,2.0,3.2517,1.5322,1
1,2,51,2.04,3.2889,1.5206,1
2,2,281,11.24,-0.1564,1.455,1
2,2,282,11.28,-0.1074,1.4483,1
2,2,283,11.32,-0.056,1.4452,1
2,2,284,11.36,-0.0037,1.4473,1
2,2,285,11.4,0.0475,1.4536,1
2,2,286,11.44,0.097,1.4632,1
2,2,287,11.48,0.1448,1.4752,1
2,2,288,11.52,0.1913,1.4882,1
2,2,289,11.56,0.2362,1.5004,1
2,2,290,11.6,0.2794,1.5103,1
2,2,291,11.64,0.3225,1.5166,1
2,2,292,11.68,0.3658,1.5186,1
2,2,293,11.72,0.4095,1.5164,1
2,2,294,11.76,0.4544,1.5114,1
2,2,295,11.8,0.4996,1.5059,1
2,2,296,11.84,0.5463,1.5029,1
2,2,297,11.88,0.5944,1.5044,1
2,2,298,11.92,0.6436,1.5109,1
2,2,299,11.96,0.6935,1.5207,1
2,2,300,12.0,0.7444,1.5326,1
2,2,301,12.04,0.7963,1.5446,1
2,2,302,12.08,0.849,1.5543,1
2,2,303,12.12,0.9015,1.5596,1
2,2,304,12.16,0.954,1.5606,1
2,2,305,12.2,1.0072,1.5571,1
2,2,306,12.24,1.0618,1.5501,1
2,2,307,12.28,1.1169,1.5409,1
2,2,308,12.32,1.1722,1.5324,1
2,2,309,12.36,1.2276,1.5264,1
2,2,310,12.4,1.2834,1.5248,1
2,2,311,12.44,1.3393,1.5264,1
2,2,312,12.48,1.3957,1.5314,1
2,2,313,12.52,1.4531,1.539,1
2,2,314,12.56,1.5103,1.548,1
2,2,315,12.6,1.5677,1.5553,1
2,2,316,12.64,1.6247,1.5593,1
2,2,317,12.68,1.6822,1.5592,1
2,2,318,12.72,1.7405,1.5547,1
2,2,319,12.76,1.7992,1.5465,1
2,2,320,12.8,1.8589,1.5361,1
2,2,321,12.84,1.919,1.5255,1
2,2,322,12.88,1.9798,1.5178,1
2,2,323,12.92,2.0409,1.5146,1
2,2,324,12.96,2.1028,1.5181,1
2,2,325,13.0,2.1631,1.524,1
2,2,326,13.04,2.2218,1.5324,1
2,2,327,13.08,2.2789,1.5416,1
2,2,328,13.12,2.3346,1.5498,1
2,2,329,13.16,2.3892,1.555,1
2,2,330,13.2,2.4438,1.5564,1
2,2,331,13.24,2.4984,1.5536,1
2,2,332,13.28,2.5532,1.5468,1
2,2,333,13.32,2.6077,1.5369,1
2,2,334,13.36,2.6619,1.5266,1
2,2,335,13.4,2.7157,1.5186,1
2,2,336,13.44,2.7683,1.5141,1
2,2,337,13.48,2.8192,1.5158,1
2,2,338,13.52,2.8688,1.5215,1
2,2,339,13.56,2.9169,1.5295,1
2,2,340,13.6,2.9636,1.5389,1
2,2,341,13.64,3.0099,1.5479,1
2,2,342,13.68,3.0556,1.5537,1
2,2,343,13.72,3.1013,1.5552,1
2,2,344,13.76,3.1482,1.5516,1
2,2,345,13.8,3.196,1.5438,1
2,2,346,13.84,3.2404,1.5294,1
2,2,347,13.88,3.3023,1.5216,1
3,2,621,24.84,-0.0689,1.6091,3
3,2,622,24.88,-0.0125,1.6007,3
3,2,623,24.92,0.0444,1.5925,3
3,2,624,24.96,0.101,1.5868,3
3,2,625,25.0,0.1569,1.5838,3
3,2,626,25.04,0.213,1.5863,3
3,2,627,25.08,0.2668,1.5898,3
3,2,628,25.12,0.3206,1.5966,3
3,2,629,25.16,0.3731,1.6036,3
3,2,630,25.2,0.4248,1.6095,3
3,2,631,25.24,0.4747,1.6116,3
3,2,632,25.28,0.5248,1.6106,3
3,2,633,25.32,0.576,1.6071,3
3,2,634,25.36,0.6283,1.6027,3
3,2,635,25.4,0.6807,1.5976,3
3,2,636,25.44,0.7329,1.5927,3
3,2,637,25.48,0.7858,1.5909,3
3,2,638,25.52,0.8387,1.591,3
3,2,639,25.56,0.8935,1.595,3
3,2,640,25.6,0.9474,1.5991,3
3,2,641,25.64,1.0018,1.6045,3
3,2,642,25.68,1.0566,1.6105,3
3,2,643,25.72,1.1116,1.6159,3
3,2,644,25.76,1.1659,1.618,3
3,2,645,25.8,1.2205,1.6164,3
3,2,646,25.84,1.276,1.6117,3
3,2,647,25.88,1.3314,1.6039,3
3,2,648,25.92,1.3866,1.5951,3
3,2,649,25.96,1.4412,1.5878,3
3,2,650,26.0,1.495,1.5832,3
3,2,651,26.04,1.5494,1.5831,3
3,2,652,26.08,1.6011,1.5848,3
3,2,653,26.12,1.6516,1.5893,3
3,2,654,26.16,1.7013,1.596,3
3,2,655,26.2,1.7494,1.6017,3
3,2,656,26.24,1.7956,1.605,3
3,2,657,26.28,1.843,1.6061,3
3,2,658,26.32,1.8908,1.6041,3
3,2,659,26.36,1.9397,1.6006,3
3,2,660,26.4,1.9891,1.5959,3
3,2,661,26.44,2.0397,1.5909,3
3,2,662,26.48,2.0924,1.5866,3
3,2,663,26.52,2.1467,1.5852,3
3,2,664,26.56,2.2016,1.5873,3
3,2,665,26.6,2.2553,1.5914,3
3,2,666,26.64,2.3067,1.5968,3
3,2,667,26.68,2.3562,1.6036,3
3,2,668,26.72,2.4035,1.6102,3
3,2,669,26.76,2.4506,1.6139,3
3,2,670,26.8,2.4984,1.6144,3
3,2,671,26.84,2.5473,1.6113,3
3,2,672,26.88,2.5965,1.6056,3
3,2,673,26.92,2.6448,1.5979,3
3,2,674,26.96,2.6911,1.5897,3
3,2,675,27.0,2.7366,1.5845,3
3,2,676,27.04,2.7799,1.5815,3
3,2,677,27.08,2.8225,1.5832,3
3,2,678,27.12,2.8638,1.586,3
3,2,679,27.16,2.9058,1.5904,3
3,2,680,27.2,2.947,1.5935,3
3,2,681,27.24,2.9874,1.5955,3
3,2,682,27.28,3.0269,1.595,3
3,2,683,27.32,3.0664,1.5924,3
3,2,684,27.36,3.1056,1.5879,3
3,2,685,27.4,3.1445,1.583,3
3,2,686,27.44,3.1824,1.5767,3
3,2,687,27.48,3.2205,1.5707,3
3,2,688,27.52,3.2587,1.5658,3
3,2,689,27.56,3.2967,1.5628,3
4,2,955,38.2,-0.1125,1.538,3
4,2,956,38.24,-0.0771,1.5463,3
4,2,957,38.28,-0.0394,1.5545,3
4,2,958,38.32,0.0001,1.5626,3
4,2,959,38.36,0.0408,1.5682,3
4,2,960,38.4,0.0826,1.5709,3
4,2,961,38.44,0.1255,1.5708,3
4,2,962,38.48,0.1699,1.5688,3
4,2,963,38.52,0.2156,1.5648,3
4,2,964,38.56,0.2617,1.559,3
4,2,965,38.6,0.3083,1.5541,3
4,2,966,38.64,0.3561,1.5511,3
4,2,967,38.68,0.4043,1.5528,3
4,2,968,38.72,0.4517,1.5564,3
4,2,969,38.76,0.4981,1.5623,3
4,2,970,38.8,0.5433,1.5695,3
4,2,971,38.84,0.5871,1.5765,3
4,2,972,38.88,0.6297,1.5814,3
4,2,973,38.92,0.6729,1.5831,3
4,2,974,38.96,0.7173,1.5821,3
4,2,975,39.0,0.7634,1.5788,3
4,2,976,39.04,0.8104,1.574,3
4,2,977,39.08,0.8581,1.5685,3
4,2,978,39.12,0.9067,1.5632,3
4,2,979,39.16,0.9556,1.5606,3
4,2,980,39.2,1.0054,1.5623,3
4,2,981,39.24,1.0568,1.5685,3
4,2,982,39.28,1.107,1.5736,3
4,2,983,39.32,1.1575,1.5801,3
4,2,984,39.36,1.2082,1.5871,3
4,2,985,39.4,1.259,1.5928,3
4,2,986,39.44,1.3096,1.5954,3
4,2,987,39.48,1.3608,1.5948,3
4,2,988,39.52,1.4125,1.591,3
4,2,989,39.56,1.4642,1.5843,3
4,2,990,39.6,1.5156,1.5756,3
4,2,991,39.64,1.5668,1.5673,3
4,2,992,39.68,1.6178,1.5616,3
4,2,993,39.72,1.6678,1.5596,3
4,2,994,39.76,1.7179,1.563,3
4,2,995,39.8,1.7662,1.5671,3
4,2,996,39.84,1.8143,1.5726,3
4,2,997,39.88,1.8608,1.5776,3
4,2,998,39.92,1.9066,1.5814,3
4,2,999,39.96,1.9516,1.5823,3
4,2,1000,40.0,1.9971,1.5815,3
4,2,1001,40.04,2.0437,1.5782,3
4,2,1002,40.08,2.0911,1.5734,3
4,2,1003,40.12,2.1394,1.5676,3
4,2,1004,40.16,2.1892,1.5622,3
4,2,1005,40.2,2.2404,1.5582,3
4,2,1006,40.24,2.2923,1.5562,3
4,2,1007,40.28,2.3456,1.5586,3
4,2,1008,40.32,2.3988,1.5618,3
4,2,1009,40.36,2.4508,1.5662,3
4,2,1010,40.4,2.5012,1.5708,3
4,2,1011,40.44,2.5499,1.5754,3
4,2,1012,40.48,2.597,1.5786,3
4,2,1013,40.52,2.6439,1.5791,3
4,2,1014,40.56,2.6912,1.5768,3
4,2,1015,40.6,2.7384,1.5723,3
4,2,1016,40.64,2.7853,1.566,3
4,2,1017,40.68,2.8314,1.559,3
4,2,1018,40.72,2.8768,1.5537,3
4,2,1019,40.76,2.9202,1.55,3
4,2,1020,40.8,2.9628,1.5511,3
4,2,1021,40.84,3.0029,1.5534,3
4,2,1022,40.88,3.043,1.5587,3
4,2,1023,40.92,3.0825,1.5643,3
4,2,1024,40.96,3.121,1.5686,3
4,2,1025,41.0,3.1589,1.5702,3
4,2,1026,41.04,3.1965,1.5694,3
4,2,1027,41.08,3.2343,1.5659,3
4,2,1028,41.12,3.2722,1.5608,3
5,2,1328,53.12,-0.1301,1.5565,5
5,2,1329,53.16,-0.0716,1.572,5
5,2,1330,53.2,-0.0146,1.5862,5
5,2,1331,53.24,0.0413,1.5939,5
5,2,1332,53.28,0.0965,1.5929,5
5,2,1333,53.32,0.1528,1.5845,5
5,2,1334,53.36,0.2106,1.5714,5
5,2,1335,53.4,0.2695,1.5569,5
5,2,1336,53.44,0.3297,1.5448,5
5,2,1337,53.48,0.3911,1.5372,5
5,2,1338,53.52,0.4538,1.5344,5
5,2,1339,53.56,0.516,1.5349,5
5,2,1340,53.6,0.5753,1.5373,5
5,2,1341,53.64,0.6324,1.5437,5
5,2,1342,53.68,0.6869,1.5534,5
5,2,1343,53.72,0.7386,1.5642,5
5,2,1344,53.76,0.7891,1.5717,5
5,2,1345,53.8,0.8397,1.5729,5
5,2,1346,53.84,0.8911,1.5672,5
5,2,1347,53.88,0.9435,1.5559,5
5,2,1348,53.92,0.9983,1.5428,5
5,2,1349,53.96,1.0553,1.5313,5
5,2,1350,54.0,1.1146,1.5252,5
5,2,1351,54.04,1.176,1.5261,5
5,2,1352,54.08,1.2377,1.5348,5
5,2,1353,54.12,1.2986,1.5469,5
5,2,1354,54.16,1.3571,1.56,5
5,2,1355,54.2,1.4141,1.575,5
5,2,1356,54.24,1.47,1.5882,5
5,2,1357,54.28,1.5253,1.5955,5
5,2,1358,54.32,1.5807,1.5954,5
5,2,1359,54.36,1.6375,1.5892,5
5,2,1360,54.4,1.696,1.5783,5
5,2,1361,54.44,1.7558,1.5648,5
5,2,1362,54.48,1.8172,1.5527,5
5,2,1363,54.52,1.8795,1.5435,5
5,2,1364,54.56,1.9418,1.5382,5
5,2,1365,54.6,2.0024,1.5368,5
5,2,1366,54.64,2.0604,1.5386,5
5,2,1367,54.68,2.1148,1.5444,5
5,2,1368,54.72,2.1667,1.5542,5
5,2,1369,54.76,2.2159,1.5655,5
5,2,1370,54.8,2.2647,1.5739,5
5,2,1371,54.84,2.3139,1.5758,5
5,2,1372,54.88,2.3638,1.5708,5
5,2,1373,54.92,2.4149,1.56,5
5,2,1374,54.96,2.4678,1.5466,5
5,2,1375,55.0,2.5228,1.5342,5
5,2,1376,55.04,2.5799,1.5258,5
5,2,1377,55.08,2.639,1.5231,5
5,2,1378,55.12,2.6989,1.527,5
5,2,1379,55.16,2.7582,1.5352,5
5,2,1380,55.2,2.8147,1.5444,5
5,2,1381,55.24,2.8684,1.5558,5
5,2,1382,55.28,2.888,1.5527,5
5,2,1383,55.32,2.9378,1.5623,5
5,2,1384,55.36,2.9842,1.5723,5
5,2,1385,55.4,3.0291,1.5793,5
5,2,1386,55.44,3.0764,1.5791,5
5,2,1387,55.48,3.121,1.5712,5
5,2,1388,55.52,3.1648,1.5593,5
5,2,1389,55.56,3.2088,1.5451,5
5,2,1390,55.6,3.241,1.4749,5
5,2,1391,55.64,3.315,1.2835,5
6,2,1657,66.28,-0.1125,1.538,5
6,2,1658,66.32,-0.0729,1.5495,5
6,2,1659,66.36,-0.0311,1.5555,5
6,2,1660,66.4,0.0114,1.556,5
6,2,1661,66.44,0.0556,1.5517,5
6,2,1662,66.48,0.1025,1.5447,5
6,2,1663,66.52,0.1508,1.5356,5
6,2,1664,66.56,0.2018,1.5269,5
6,2,1665,66.6,0.2545,1.5215,5
6,2,1666,66.64,0.3085,1.5192,5
6,2,1667,66.68,0.3628,1.5208,5
6,2,1668,66.72,0.4156,1.5248,5
6,2,1669,66.76,0.4655,1.5309,5
6,2,1670,66.8,0.5137,1.5399,5
6,2,1671,66.84,0.5595,1.5502,5
6,2,1672,66.88,0.6035,1.5585,5
6,2,1673,66.92,0.6465,1.5621,5
6,2,1674,66.96,0.6907,1.5609,5
6,2,1675,67.0,0.7356,1.5555,5
6,2,1676,67.04,0.7822,1.5469,5
6,2,1677,67.08,0.831,1.5374,5
6,2,1678,67.12,0.8812,1.5286,5
6,2,1679,67.16,0.9349,1.5236,5
6,2,1680,67.2,0.9901,1.5231,5
6,2,1681,67.24,1.046,1.5285,5
6,2,1682,67.28,1.1016,1.5389,5
6,2,1683,67.32,1.1547,1.5506,5
6,2,1684,67.36,1.2077,1.5634,5
6,2,1685,67.4,1.2583,1.5773,5
6,2,1686,67.44,1.3079,1.5876,5
6,2,1687,67.48,1.3566,1.5921,5
6,2,1688,67.52,1.4059,1.5905,5
6,2,1689,67.56,1.4567,1.5838,5
6,2,1690,67.6,1.5083,1.5732,5
6,2,1691,67.64,1.5616,1.5614,5
6,2,1692,67.68,1.6142,1.5498,5
6,2,1693,67.72,1.6684,1.5417,5
6,2,1694,67.76,1.7226,1.537,5
6,2,1695,67.8,1.7756,1.5356,5
6,2,1696,67.84,1.8262,1.5376,5
6,2,1697,67.88,1.8759,1.5437,5
6,2,1698,67.92,1.9228,1.5546,5
6,2,1699,67.96,1.9683,1.5661,5
6,2,1700,68.0,2.0137,1.5735,5
6,2,1701,68.04,2.0592,1.575,5
6,2,1702,68.08,2.1059,1.5714,5
6,2,1703,68.12,2.1542,1.5632,5
6,2,1704,68.16,2.2046,1.5532,5
6,2,1705,68.2,2.2573,1.5433,5
6,2,1706,68.24,2.3119,1.5358,5
6,2,1707,68.28,2.3687,1.5321,5
6,2,1708,68.32,2.4282,1.5329,5
6,2,1709,68.36,2.4855,1.5383,5
6,2,1710,68.4,2.5413,1.5472,5
6,2,1711,68.44,2.5947,1.5575,5
6,2,1712,68.48,2.6454,1.5684,5
6,2,1713,68.52,2.6938,1.5786,5
6,2,1714,68.56,2.7408,1.585,5
6,2,1715,68.6,2.7874,1.5867,5
6,2,1716,68.64,2.8337,1.5825,5
6,2,1717,68.68,2.8807,1.5743,5
6,2,1718,68.72,2.9281,1.5632,5
6,2,1719,68.76,2.9753,1.5514,5
6,2,1720,68.8,3.0223,1.5415,5
6,2,1721,68.84,3.0684,1.5343,5
6,2,1722,68.88,3.1129,1.5301,5
6,2,1723,68.92,3.1558,1.5282,5
6,2,1724,68.96,3.1973,1.5287,5
6,2,1725,69.0,3.2366,1.5334,5
6,2,1726,69.04,3.2765,1.5415,5
7,2,2018,80.72,-0.0752,1.5972,7
7,2,2019,80.76,-0.0217,1.6025,7
7,2,2020,80.8,0.0318,1.6064,7
7,2,2021,80.84,0.0842,1.608,7
7,2,2022,80.88,0.1366,1.6074,7
7,2,2023,80.92,0.1889,1.6041,7
7,2,2024,80.96,0.2422,1.5984,7
7,2,2025,81.0,0.2962,1.5913,7
7,2,2026,81.04,0.3514,1.5848,7
7,2,2027,81.08,0.4082,1.5802,7
7,2,2028,81.12,0.465,1.579,7
7,2,2029,81.16,0.5228,1.583,7
7,2,2030,81.2,0.5785,1.5893,7
7,2,2031,81.24,0.6321,1.5974,7
7,2,2032,81.28,0.6839,1.6069,7
7,2,2033,81.32,0.7345,1.6156,7
7,2,2034,81.36,0.784,1.621,7
7,2,2035,81.4,0.8324,1.6226,7
7,2,2036,81.44,0.8809,1.6202,7
7,2,2037,81.48,0.9303,1.6141,7
7,2,2038,81.52,0.9802,1.6056,7
7,2,2039,81.56,1.0316,1.5967,7
7,2,2040,81.6,1.0852,1.5896,7
7,2,2041,81.64,1.1411,1.5863,7
7,2,2042,81.68,1.2002,1.5894,7
7,2,2043,81.72,1.2608,1.5981,7
7,2,2044,81.76,1.3215,1.6078,7
7,2,2045,81.8,1.3812,1.6166,7
7,2,2046,81.84,1.4403,1.6244,7
7,2,2047,81.88,1.4995,1.6294,7
7,2,2048,81.92,1.5577,1.6304,7
7,2,2049,81.96,1.6153,1.6281,7
7,2,2050,82.0,1.6724,1.6231,7
7,2,2051,82.04,1.7282,1.6149,7
7,2,2052,82.08,1.783,1.6049,7
7,2,2053,82.12,1.8378,1.5955,7
7,2,2054,82.16,1.8924,1.589,7
7,2,2055,82.2,1.9468,1.5862,7
7,2,2056,82.24,2.0014,1.5899,7
7,2,2057,82.28,2.0553,1.5979,7
7,2,2058,82.32,2.1078,1.6074,7
7,2,2059,82.36,2.1602,1.6167,7
7,2,2060,82.4,2.213,1.6243,7
7,2,2061,82.44,2.2655,1.6282,7
7,2,2062,82.48,2.3182,1.628,7
7,2,2063,82.52,2.3708,1.6242,7
7,2,2064,82.56,2.4245,1.6172,7
7,2,2065,82.6,2.4787,1.6081,7
7,2,2066,82.64,2.5336,1.5981,7
7,2,2067,82.68,2.5901,1.5898,7
7,2,2068,82.72,2.6479,1.5844,7
7,2,2069,82.76,2.707,1.5834,7
7,2,2070,82.8,2.7666,1.5885,7
7,2,2071,82.84,2.825,1.5958,7
7,2,2072,82.88,2.8813,1.6032,7
7,2,2073,82.92,2.9345,1.6103,7
7,2,2074,82.96,2.985,1.6157,7
7,2,2075,83.0,3.0326,1.6178,7
7,2,2076,83.04,3.0783,1.6165,7
7,2,2077,83.08,3.1226,1.6114,7
7,2,2078,83.12,3.1654,1.6029,7
7,2,2079,83.16,3.307,1.6736,7
8,2,2352,94.08,-0.124,1.5623,7
8,2,2353,94.12,-0.091,1.5587,7
8,2,2354,94.16,-0.0556,1.5569,7
8,2,2355,94.2,-0.0174,1.5582,7
8,2,2356,94.24,0.0245,1.565,7
8,2,2357,94.28,0.0701,1.5776,7
8,2,2358,94.32,0.117,1.5898,7
8,2,2359,94.36,0.166,1.6007,7
8,2,2360,94.4,0.2172,1.6101,7
8,2,2361,94.44,0.2693,1.6178,7
8,2,2362,94.48,0.3213,1.6225,7
8,2,2363,94.52,0.3732,1.6241,7
8,2,2364,94.56,0.4256,1.6222,7
8,2,2365,94.6,0.4785,1.617,7
8,2,2366,94.64,0.5319,1.61,7
8,2,2367,94.68,0.5857,1.603,7
8,2,2368,94.72,0.6395,1.5982,7
8,2,2369,94.76,0.6923,1.5971,7
8,2,2370,94.8,0.7452,1.6027,7
8,2,2371,94.84,0.7967,1.6119,7
8,2,2372,94.88,0.8465,1.6221,7
8,2,2373,94.92,0.8959,1.6324,7
8,2,2374,94.96,0.9456,1.6409,7
8,2,2375,95.0,0.9958,1.6459,7
8,2,2376,95.04,1.0463,1.6478,7
8,2,2377,95.08,1.0971,1.6461,7
8,2,2378,95.12,1.1485,1.6417,7
8,2,2379,95.16,1.2003,1.6347,7
8,2,2380,95.2,1.2526,1.6266,7
8,2,2381,95.24,1.3063,1.6198,7
8,2,2382,95.28,1.362,1.617,7
8,2,2383,95.32,1.4199,1.6187,7
8,2,2384,95.36,1.48,1.6272,7
8,2,2385,95.4,1.5374,1.6371,7
8,2,2386,95.44,1.5927,1.6471,7
8,2,2387,95.48,1.6479,1.6563,7
8,2,2388,95.52,1.7033,1.6631,7
8,2,2389,95.56,1.7588,1.6655,7
8,2,2390,95.6,1.8138,1.6634,7
8,2,2391,95.64,1.869,1.6585,7
8,2,2392,95.68,1.9236,1.6502,7
8,2,2393,95.72,1.9779,1.6396,7
8,2,2394,95.76,2.0322,1.6284,7
8,2,2395,95.8,2.087,1.6195,7
8,2,2396,95.84,2.141,1.6127,7
8,2,2397,95.88,2.1951,1.6122,7
8,2,2398,95.92,2.2491,1.6158,7
8,2,2399,95.96,2.3005,1.6223,7
8,2,2400,96.0,2.3496,1.6314,7
8,2,2401,96.04,2.398,1.6398,7
8,2,2402,96.08,2.4478,1.6444,7
8,2,2403,96.12,2.4998,1.6445,7
8,2,2404,96.16,2.553,1.6403,7
8,2,2405,96.2,2.6077,1.6321,7
8,2,2406,96.24,2.6629,1.6206,7
8,2,2407,96.28,2.7191,1.6074,7
8,2,2408,96.32,2.7761,1.595,7
8,2,2409,96.36,2.8341,1.5858,7
8,2,2410,96.4,2.8935,1.5808,7
8,2,2411,96.44,2.9542,1.5833,7
8,2,2412,96.48,3.013,1.5889,7
8,2,2413,96.52,3.0674,1.5952,7
8,2,2414,96.56,3.1176,1.6031,7
8,2,2415,96.6,3.1632,1.6115,7
8,2,2416,96.64,3.2051,1.6175,7
8,2,2417,96.68,3.2444,1.6188,7
8,2,2418,96.72,3.2817,1.616,7
9,2,2668,106.72,-0.0778,1.4832,9
9,2,2669,106.76,-0.0206,1.4805,9
9,2,2670,106.8,0.0399,1.4821,9
9,2,2671,106.84,0.1027,1.4896,9
9,2,2672,106.88,0.1647,1.4994,9
9,2,2673,106.92,0.2247,1.5099,9
9,2,2674,106.96,0.2824,1.5203,9
9,2,2675,107.0,0.3385,1.531,9
9,2,2676,107.04,0.3936,1.5385,9
9,2,2677,107.08,0.4484,1.5408,9
9,2,2678,107.12,0.5034,1.5381,9
9,2,2679,107.16,0.559,1.5312,9
9,2,2680,107.2,0.6158,1.5217,9
9,2,2681,107.24,0.6742,1.511,9
9,2,2682,107.28,0.7345,1.5012,9
9,2,2683,107.32,0.7958,1.4946,9
9,2,2684,107.36,0.8583,1.4925,9
9,2,2685,107.4,0.9203,1.4965,9
9,2,2686,107.44,0.9808,1.5043,9
9,2,2687,107.48,1.039,1.5144,9
9,2,2688,107.52,1.0939,1.526,9
9,2,2689,107.56,1.1463,1.5359,9
9,2,2690,107.6,1.1978,1.5407,9
9,2,2691,107.64,1.2503,1.5401,9
9,2,2692,107.68,1.3041,1.5348,9
9,2,2693,107.72,1.36,1.526,9
9,2,2694,107.76,1.418,1.5156,9
9,2,2695,107.8,1.4785,1.5065,9
9,2,2696,107.84,1.5412,1.5,9
9,2,2697,107.88,1.6074,1.4974,9
9,2,2698,107.92,1.6761,1.4976,9
9,2,2699,107.96,1.7467,1.5031,9
9,2,2700,108.0,1.8158,1.5116,9
9,2,2701,108.04,1.8814,1.5235,9
9,2,2702,108.08,1.943,1.5361,9
9,2,2703,108.12,2.0021,1.5477,9
9,2,2704,108.16,2.061,1.5547,9
9,2,2705,108.2,2.1193,1.5547,9
9,2,2706,108.24,2.1773,1.5483,9
9,2,2707,108.28,2.2358,1.5376,9
9,2,2708,108.32,2.2958,1.5248,9
9,2,2709,108.36,2.3562,1.5125,9
9,2,2710,108.4,2.4164,1.5028,9
9,2,2711,108.44,2.4767,1.4974,9
9,2,2712,108.48,2.5371,1.4962,9
9,2,2713,108.52,2.5968,1.4991,9
9,2,2714,108.56,2.6549,1.5039,9
9,2,2715,108.6,2.7109,1.5108,9
9,2,2716,108.64,2.764,1.5193,9
9,2,2717,108.68,2.814,1.5252,9
9,2,2718,108.72,2.8627,1.5266,9
9,2,2719,108.76,2.9101,1.5227,9
9,2,2720,108.8,2.9581,1.5155,9
9,2,2721,108.84,3.0073,1.5058,9
9,2,2722,108.88,3.0584,1.4949,9
9,2,2723,108.92,3.1119,1.4854,9
9,2,2724,108.96,3.1682,1.4791,9
9,2,2725,109.0,3.2275,1.4751,9
9,2,2726,109.04,3.2893,1.4751,9
10,2,2950,118.0,-0.0708,1.5251,9
10,2,2951,118.04,-0.0184,1.5228,9
10,2,2952,118.08,0.0354,1.5157,9
10,2,2953,118.12,0.0902,1.5057,9
10,2,2954,118.16,0.1474,1.4972,9
10,2,2955,118.2,0.2072,1.4919,9
10,2,2956,118.24,0.2692,1.4904,9
10,2,2957,118.28,0.3339,1.4941,9
10,2,2958,118.32,0.3974,1.5011,9
10,2,2959,118.36,0.457,1.5111,9
10,2,2960,118.4,0.5113,1.5229,9
10,2,2961,118.44,0.5616,1.5343,9
10,2,2962,118.48,0.6104,1.5419,9
10,2,2963,118.52,0.6592,1.5432,9
10,2,2964,118.56,0.7093,1.5386,9
10,2,2965,118.6,0.761,1.5297,9
10,2,2966,118.64,0.8137,1.5194,9
10,2,2967,118.68,0.8676,1.5107,9
10,2,2968,118.72,0.9242,1.5061,9
10,2,2969,118.76,0.9845,1.5065,9
10,2,2970,118.8,1.0479,1.5102,9
10,2,2971,118.84,1.1135,1.5176,9
10,2,2972,118.88,1.1792,1.5276,9
10,2,2973,118.92,1.2437,1.5403,9
10,2,2974,118.96,1.3059,1.5556,9
10,2,2975,119.0,1.3661,1.5694,9
10,2,2976,119.04,1.4257,1.5774,9
10,2,2977,119.08,1.4858,1.578,9
10,2,2978,119.12,1.5466,1.5716,9
10,2,2979,119.16,1.6083,1.5603,9
10,2,2980,119.2,1.6705,1.5473,9
10,2,2981,119.24,1.733,1.536,9
10,2,2982,119.28,1.7962,1.5286,9
10,2,2983,119.32,1.86,1.5255,9
10,2,2984,119.36,1.9233,1.5273,9
10,2,2985,119.4,1.9863,1.5317,9
10,2,2986,119.44,2.0478,1.5388,9
10,2,2987,119.48,2.1081,1.5482,9
10,2,2988,119.52,2.165,1.5558,9
10,2,2989,119.56,2.22,1.5591,9
10,2,2990,119.6,2.2743,1.5569,9
10,2,2991,119.64,2.329,1.5495,9
10,2,2992,119.68,2.3853,1.5389,9
10,2,2993,119.72,2.4438,1.5275,9
10,2,2994,119.76,2.505,1.5178,9
10,2,2995,119.8,2.5698,1.5122,9
10,2,2996,119.84,2.6382,1.51,9
10,2,2997,119.88,2.7087,1.5115,9
10,2,2998,119.92,2.7793,1.5148,9
10,2,2999,119.96,2.847,1.521,9
10,2,3000,120.0,2.9087,1.528,9
10,2,3001,120.04,2.9651,1.5356,9
10,2,3002,120.08,3.0176,1.5407,9
10,2,3003,120.12,3.0663,1.5407,9
10,2,3004,120.16,3.112,1.5356,9
10,2,3005,120.2,3.1555,1.5262,9
10,2,3006,120.24,3.1961,1.5141,9
10,2,3007,120.28,3.2353,1.5028,9
10,2,3008,120.32,3.2728,1.4932,9
11,2,3298,131.92,-0.0404,1.5424,11
11,2,3299,131.96,0.0257,1.5413,11
11,2,3300,132.0,0.0892,1.5449,11
11,2,3301,132.04,0.1483,1.5501,11
11,2,3302,132.08,0.2043,1.556,11
11,2,3303,132.12,0.2575,1.5614,11
11,2,3304,132.16,0.3086,1.5645,11
11,2,3305,132.2,0.3586,1.565,11
11,2,3306,132.24,0.4087,1.563,11
11,2,3307,132.28,0.4582,1.5592,11
11,2,3308,132.32,0.5076,1.5543,11
11,2,3309,132.36,0.5573,1.5501,11
11,2,3310,132.4,0.6076,1.548,11
11,2,3311,132.44,0.6586,1.55,11
11,2,3312,132.48,0.7103,1.5587,11
11,2,3313,132.52,0.7602,1.5692,11
11,2,3314,132.56,0.8095,1.5812,11
11,2,3315,132.6,0.8587,1.5929,11
11,2,3316,132.64,0.9081,1.6024,11
11,2,3317,132.68,0.9587,1.6083,11
11,2,3318,132.72,1.01,1.61,11
11,2,3319,132.76,1.0631,1.6072,11
11,2,3320,132.8,1.1178,1.6005,11
11,2,3321,132.84,1.1742,1.5912,11
11,2,3322,132.88,1.2331,1.5828,11
11,2,3323,132.92,1.2948,1.5759,11
11,2,3324,132.96,1.3586,1.5723,11
11,2,3325,133.0,1.4225,1.5742,11
11,2,3326,133.04,1.4857,1.5792,11
11,2,3327,133.08,1.5469,1.5846,11
11,2,3328,133.12,1.607,1.5896,11
11,2,3329,133.16,1.666,1.5923,11
11,2,3330,133.2,1.7241,1.5913,11
11,2,3331,133.24,1.7819,1.5872,11
11,2,3332,133.28,1.8391,1.5807,11
11,2,3333,133.32,1.8958,1.5725,11
11,2,3334,133.36,1.9526,1.5643,11
11,2,3335,133.4,2.0108,1.5586,11
11,2,3336,133.44,2.0701,1.5562,11
11,2,3337,133.48,2.131,1.5608,11
11,2,3338,133.52,2.1911,1.5689,11
11,2,3339,133.56,2.249,1.5776,11
11,2,3340,133.6,2.3062,1.5861,11
11,2,3341,133.64,2.361,1.5932,11
11,2,3342,133.68,2.4137,1.5973,11
11,2,3343,133.72,2.4651,1.5973,11
11,2,3344,133.76,2.5171,1.5928,11
11,2,3345,133.8,2.5683,1.5838,11
11,2,3346,133.84,2.6191,1.5727,11
11,2,3347,133.88,2.67,1.5616,11
11,2,3348,133.92,2.7212,1.5521,11
11,2,3349,133.96,2.7722,1.5449,11
11,2,3350,134.0,2.8226,1.5423,11
11,2,3351,134.04,2.8727,1.544,11
11,2,3352,134.08,2.922,1.5469,11
11,2,3353,134.12,2.9696,1.5494,11
11,2,3354,134.16,3.0156,1.5509,11
11,2,3355,134.2,3.06,1.5505,11
11,2,3356,134.24,3.1032,1.5476,11
11,2,3357,134.28,3.146,1.5427,11
11,2,3358,134.32,3.1886,1.537,11
11,2,3359,134.36,3.2321,1.5311,11
11,2,3360,134.4,3.2781,1.5261,11
12,2,3643,145.72,-0.0941,1.5556,11
12,2,3644,145.76,-0.0559,1.5563,11
12,2,3645,145.8,-0.0153,1.5536,11
12,2,3646,145.84,0.0276,1.548,11
12,2,3647,145.88,0.0735,1.5423,11
12,2,3648,145.92,0.1225,1.5385,11
12,2,3649,145.96,0.1735,1.538,11
12,2,3650,146.0,0.2264,1.5424,11
12,2,3651,146.04,0.2777,1.5483,11
12,2,3652,146.08,0.3258,1.5543,11
12,2,3653,146.12,0.3711,1.5609,11
12,2,3654,146.16,0.4153,1.5672,11
12,2,3655,146.2,0.4582,1.5715,11
12,2,3656,146.24,0.5007,1.5734,11
12,2,3657,146.28,0.543,1.5727,11
12,2,3658,146.32,0.5857,1.5698,11
12,2,3659,146.36,0.629,1.5654,11
12,2,3660,146.4,0.6729,1.561,11
12,2,3661,146.44,0.7174,1.5578,11
12,2,3662,146.48,0.7632,1.5582,11
12,2,3663,146.52,0.8106,1.5647,11
12,2,3664,146.56,0.8589,1.5737,11
12,2,3665,146.6,0.9071,1.5828,11
12,2,3666,146.64,0.9558,1.5923,11
12,2,3667,146.68,1.0048,1.6001,11
12,2,3668,146.72,1.0552,1.6053,11
12,2,3669,146.76,1.107,1.6067,11
12,2,3670,146.8,1.1604,1.6044,11
12,2,3671,146.84,1.2151,1.5982,11
12,2,3672,146.88,1.2704,1.5889,11
12,2,3673,146.92,1.3262,1.5785,11
12,2,3674,146.96,1.3825,1.5694,11
12,2,3675,147.0,1.4383,1.5622,11
12,2,3676,147.04,1.4925,1.559,11
12,2,3677,147.08,1.5467,1.5594,11
12,2,3678,147.12,1.6018,1.5619,11
12,2,3679,147.16,1.6569,1.5656,11
12,2,3680,147.2,1.7124,1.569,11
12,2,3681,147.24,1.7673,1.5699,11
12,2,3682,147.28,1.8214,1.5678,11
12,2,3683,147.32,1.8748,1.5632,11
12,2,3684,147.36,1.9277,1.557,11
12,2,3685,147.4,1.98,1.5498,11
12,2,3686,147.44,2.0321,1.543,11
12,2,3687,147.48,2.0844,1.5383,11
12,2,3688,147.52,2.1375,1.5365,11
12,2,3689,147.56,2.1916,1.5404,11
12,2,3690,147.6,2.2455,1.5482,11
12,2,3691,147.64,2.2964,1.5561,11
12,2,3692,147.68,2.3457,1.5651,11
12,2,3693,147.72,2.3933,1.574,11
12,2,3694,147.76,2.4398,1.5812,11
12,2,3695,147.8,2.486,1.5852,11
12,2,3696,147.84,2.5328,1.5854,11
12,2,3697,147.88,2.5802,1.5813,11
12,2,3698,147.92,2.6275,1.574,11
12,2,3699,147.96,2.6747,1.5652,11
12,2,3700,148.0,2.722,1.557,11
12,2,3701,148.04,2.7682,1.5517,11
12,2,3702,148.08,2.8132,1.5515,11
12,2,3703,148.12,2.8583,1.554,11
12,2,3704,148.16,2.903,1.5568,11
12,2,3705,148.2,2.9478,1.5605,11
12,2,3706,148.24,2.9924,1.5634,11
12,2,3707,148.28,3.0376,1.5634,11
12,2,3708,148.32,3.0835,1.5602,11
12,2,3709,148.36,3.1285,1.5539,11
12,2,3710,148.4,3.1734,1.547,11
12,2,3711,148.44,3.2182,1.5404,11
12,2,3712,148.48,3.2631,1.5338,11
13,2,4048,161.92,-0.1379,1.4786,13
13,2,4049,161.96,-0.1121,1.4785,13
13,2,4050,162.0,-0.0851,1.4762,13
13,2,4051,162.04,-0.0569,1.4729,13
13,2,4052,162.08,-0.0272,1.4707,13
13,2,4053,162.12,0.0036,1.4707,13
13,2,4054,162.16,0.0348,1.4729,13
13,2,4055,162.2,0.067,1.4785,13
13,2,4056,162.24,0.1001,1.4864,13
13,2,4057,162.28,0.1335,1.4936,13
13,2,4058,162.32,0.1662,1.5014,13
13,2,4059,162.36,0.1979,1.5105,13
13,2,4060,162.4,0.2293,1.5197,13
13,2,4061,162.44,0.2607,1.5269,13
13,2,4062,162.48,0.2928,1.5314,13
13,2,4063,162.52,0.3256,1.5328,13
13,2,4064,162.56,0.3591,1.5322,13
13,2,4065,162.6,0.3938,1.5332,13
13,2,4066,162.64,0.4309,1.5434,13
13,2,4067,162.68,0.4693,1.5512,13
13,2,4068,162.72,0.5059,1.5518,13
13,2,4069,162.76,0.5368,1.5491,13
13,2,4070,162.8,0.5665,1.5488,13
13,2,4071,162.84,0.5959,1.5505,13
13,2,4072,162.88,0.625,1.5517,13
13,2,4073,162.92,0.6531,1.5554,13
13,2,4074,162.96,0.6831,1.5622,13
13,2,4075,163.0,0.7175,1.5707,13
13,2,4076,163.04,0.7547,1.5779,13
13,2,4077,163.08,0.7947,1.5836,13
13,2,4078,163.12,0.8372,1.5867,13
13,2,4079,163.16,0.8815,1.587,13
13,2,4080,163.2,0.9242,1.5846,13
13,2,4081,163.24,0.9682,1.5799,13
13,2,4082,163.28,1.0109,1.5742,13
13,2,4083,163.32,1.0539,1.5684,13
13,2,4084,163.36,1.0975,1.5645,13
13,2,4085,163.4,1.14,1.5613,13
13,2,4086,163.44,1.1794,1.5524,13
13,2,4087,163.48,1.2164,1.5248,13
13,2,4088,163.52,1.259,1.5174,13
13,2,4089,163.56,1.2973,1.4988,13
13,2,4090,163.6,1.3383,1.4848,13
13,2,4091,163.64,1.3831,1.4819,13
13,2,4092,163.68,1.4291,1.4786,13
13,2,4093,163.72,1.475,1.473,13
13,2,4094,163.76,1.521,1.4646,13
13,2,4095,163.8,1.5674,1.4548,13
13,2,4096,163.84,1.6151,1.4438,13
13,2,4097,163.88,1.6652,1.4339,13
13,2,4098,163.92,1.7178,1.4274,13
13,2,4099,163.96,1.773,1.4254,13
13,2,4100,164.0,1.831,1.4279,13
13,2,4101,164.04,1.8892,1.4339,13
13,2,4102,164.08,1.946,1.4411,13
13,2,4103,164.12,2.001,1.4482,13
13,2,4104,164.16,2.0537,1.4553,13
13,2,4105,164.2,2.1038,1.4613,13
13,2,4106,164.24,2.1528,1.4658,13
13,2,4107,164.28,2.2009,1.4661,13
13,2,4108,164.32,2.2491,1.4623,13
13,2,4109,164.36,2.2974,1.4546,13
13,2,4110,164.4,2.3458,1.4444,13
13,2,4111,164.44,2.3939,1.4344,13
13,2,4112,164.48,2.4428,1.4281,13
13,2,4113,164.52,2.4922,1.4238,13
13,2,4114,164.56,2.542,1.4246,13
13,2,4115,164.6,2.5911,1.4282,13
13,2,4116,164.64,2.6394,1.4322,13
13,2,4117,164.68,2.6874,1.4377,13
13,2,4118,164.72,2.735,1.4444,13
13,2,4119,164.76,2.7827,1.4501,13
13,2,4120,164.8,2.8306,1.4529,13
13,2,4121,164.84,2.8788,1.4519,13
13,2,4122,164.88,2.928,1.4462,13
13,2,4123,164.92,2.9784,1.4376,13
13,2,4124,164.96,3.0314,1.4278,13
13,2,4125,165.0,3.0853,1.4186,13
13,2,4126,165.04,3.1406,1.4126,13
13,2,4127,165.08,3.1954,1.4073,13
13,2,4128,165.12,3.2506,1.4085,13
13,2,4129,165.16,3.3021,1.409,13
14,2,4397,175.88,-0.1208,1.4362,13
14,2,4398,175.92,-0.0829,1.4323,13
14,2,4399,175.96,-0.0415,1.4315,13
14,2,4400,176.0,0.0036,1.4338,13
14,2,4401,176.04,0.0526,1.4392,13
14,2,4402,176.08,0.1044,1.4468,13
14,2,4403,176.12,0.1588,1.4557,13
14,2,4404,176.16,0.2154,1.4646,13
14,2,4405,176.2,0.2741,1.4748,13
14,2,4406,176.24,0.3341,1.4842,13
14,2,4407,176.28,0.3949,1.4902,13
14,2,4408,176.32,0.4565,1.4902,13
14,2,4409,176.36,0.5183,1.4842,13
14,2,4410,176.4,0.5799,1.4733,13
14,2,4411,176.44,0.6405,1.4603,13
14,2,4412,176.48,0.7011,1.4499,13
14,2,4413,176.52,0.7612,1.4442,13
14,2,4414,176.56,0.8214,1.4442,13
14,2,4415,176.6,0.8803,1.4494,13
14,2,4416,176.64,0.9379,1.4563,13
14,2,4417,176.68,0.9942,1.4642,13
14,2,4418,176.72,1.0486,1.4726,13
14,2,4419,176.76,1.1011,1.4798,13
14,2,4420,176.8,1.1534,1.4832,13
14,2,4421,176.84,1.2063,1.4815,13
14,2,4422,176.88,1.2606,1.4738,13
14,2,4423,176.92,1.3158,1.4631,13
14,2,4424,176.96,1.3727,1.4517,13
14,2,4425,177.0,1.4313,1.4423,13
14,2,4426,177.04,1.4924,1.437,13
14,2,4427,177.08,1.5552,1.4368,13
14,2,4428,177.12,1.6189,1.4414,13
14,2,4429,177.16,1.6813,1.449,13
14,2,4430,177.2,1.7414,1.4568,13
14,2,4431,177.24,1.798,1.4653,13
14,2,4432,177.28,1.8529,1.4741,13
14,2,4433,177.32,1.9074,1.4805,13
14,2,4434,177.36,1.9623,1.4814,13
14,2,4435,177.4,2.0183,1.4763,13
14,2,4436,177.44,2.0753,1.4653,13
14,2,4437,177.48,2.1324,1.451,13
14,2,4438,177.52,2.1912,1.4375,13
14,2,4439,177.56,2.2513,1.428,13
14,2,4440,177.6,2.3118,1.4229,13
14,2,4441,177.64,2.3714,1.4234,13
14,2,4442,177.68,2.4301,1.4282,13
14,2,4443,177.72,2.4876,1.4337,13
14,2,4444,177.76,2.5438,1.44,13
14,2,4445,177.8,2.598,1.4463,13
14,2,4446,177.84,2.6516,1.4506,13
14,2,4447,177.88,2.7052,1.451,13
14,2,4448,177.92,2.7602,1.4465,13
14,2,4449,177.96,2.8162,1.438,13
14,2,4450,178.0,2.8744,1.4276,13
14,2,4451,178.04,2.9351,1.4178,13
14,2,4452,178.08,2.9973,1.411,13
14,2,4453,178.12,3.0598,1.4067,13
14,2,4454,178.16,3.1208,1.4061,13
14,2,4455,178.2,3.1768,1.4065,13
14,2,4456,178.24,3.2262,1.4089,13
14,2,4457,178.28,3.269,1.414,13
